"trip_id,arrival_time,departure_time,stop_id,stop_sequence,stop_headsign,pickup_type,drop_off_type,shape_dist_traveled,timepoint"
"1175-03505-33000-2-428612e7,09:10:00,09:10:00,1812-fc74d6f8,1,BOTANY,0,0,0,0"
"1175-03505-33000-2-428612e7,09:14:03,09:14:03,6368-126c135c,2,BOTANY,0,0,1.556,0"
"1175-03505-33000-2-428612e7,09:16:16,09:16:16,6306-5444647c,3,BOTANY,0,0,2.415,0"
"1175-03505-33000-2-428612e7,09:17:07,09:17:07,6308-787111d1,4,BOTANY,0,0,2.739,0"
"1175-03505-33000-2-428612e7,09:17:39,09:17:39,6313-c7a93ff1,5,BOTANY,0,0,2.948,0"
"1175-03505-33000-2-428612e7,09:19:01,09:19:01,2142-76fdcecd,6,BOTANY,0,0,3.472,0"
"1175-03505-33000-2-428612e7,09:20:35,09:20:35,6967-00730f06,7,BOTANY,0,0,4.075,0"
"1175-03505-33000-2-428612e7,09:21:19,09:21:19,2136-dcb09665,8,BOTANY,0,0,4.353,0"
"1175-03505-33000-2-428612e7,09:22:27,09:22:27,2236-052f4969,9,BOTANY,0,0,4.786,0"
"1175-03505-33000-2-428612e7,09:22:53,09:22:53,2134-e0561d55,10,BOTANY,0,0,4.952,0"
"1175-03505-33000-2-428612e7,09:23:34,09:23:34,2446-5607a6ec,11,BOTANY,0,0,5.216,0"
"1175-03505-33000-2-428612e7,09:25:00,09:25:00,2334-9660f119,12,BOTANY,0,0,5.771,0"
"1175-03505-33000-2-428612e7,09:26:32,09:26:32,1962-ebe3afb5,13,BOTANY,0,0,6.348,0"
"1175-03505-33000-2-428612e7,09:27:05,09:27:05,2454-e171ed2c,14,BOTANY,0,0,6.559,0"
"1175-03505-33000-2-428612e7,09:28:12,09:28:12,2080-eeeeb66a,15,BOTANY,0,0,6.983,0"
"1175-03505-33000-2-428612e7,09:29:16,09:29:16,2078-e7c44308,16,BOTANY,0,0,7.38,0"
"1175-03505-33000-2-428612e7,09:30:29,09:30:29,6983-dad68cb6,17,BOTANY,0,0,7.841,0"
"1175-03505-33000-2-428612e7,09:31:44,09:31:44,6985-0a2b05a8,18,BOTANY,0,0,8.313,0"
"1175-03505-33000-2-428612e7,09:32:57,09:32:57,6962-ea740bad,19,BOTANY,0,0,8.778,0"
"1175-03505-33000-2-428612e7,09:35:05,09:35:05,6192-832789b9,20,BOTANY,0,0,9.581,0"
"1175-03505-33000-2-428612e7,09:36:24,09:36:24,6194-4a979f5f,21,BOTANY,0,0,10.08,0"
"1175-03505-33000-2-428612e7,09:37:35,09:37:35,6196-5e67568e,22,BOTANY,0,0,10.523,0"
"1175-03505-33000-2-428612e7,09:38:46,09:38:46,6198-424b8d2a,23,BOTANY,0,0,10.969,0"
"1175-03505-33000-2-428612e7,09:39:46,09:39:46,6220-3ae9ade7,24,BOTANY,0,0,11.346,0"
"1175-03505-33000-2-428612e7,09:41:20,09:41:20,6779-150cf64f,25,BOTANY,0,0,11.938,0"
"1175-03505-33000-2-428612e7,09:45:00,09:45:00,6231-190b2aaa,26,BOTANY,1,0,13.322,0"
"1028-03302-47700-2-77297f2f,13:15:00,13:15:00,1777-3e02a2cf,1,PAPAKURA,0,0,0,0"
"1028-03302-47700-2-77297f2f,13:17:27,13:17:27,7952-fe4f53b2,2,PAPAKURA,0,0,0.946,0"
"1028-03302-47700-2-77297f2f,13:18:08,13:18:08,1356-0146ace9,3,PAPAKURA,0,0,1.208,0"
"1028-03302-47700-2-77297f2f,13:19:18,13:19:18,7642-ea38834a,4,PAPAKURA,0,0,1.651,0"
"1028-03302-47700-2-77297f2f,13:21:55,13:21:55,6568-6336d243,5,PAPAKURA,0,0,2.658,0"
"1028-03302-47700-2-77297f2f,13:23:35,13:23:35,6004-025a4d0b,6,PAPAKURA,0,0,3.301,0"
"1028-03302-47700-2-77297f2f,13:24:34,13:24:34,6006-5118afff,7,PAPAKURA,0,0,3.677,0"
"1028-03302-47700-2-77297f2f,13:25:42,13:25:42,6956-f4f9f6c0,8,PAPAKURA,0,0,4.112,0"
"1028-03302-47700-2-77297f2f,13:26:30,13:26:30,6010-573898ce,9,PAPAKURA,0,0,4.418,0"
"1028-03302-47700-2-77297f2f,13:26:59,13:26:59,2282-98a569ca,10,PAPAKURA,0,0,4.605,0"
"1028-03302-47700-2-77297f2f,13:27:55,13:27:55,6014-ad211380,11,PAPAKURA,0,0,4.961,0"
"1028-03302-47700-2-77297f2f,13:29:01,13:29:01,6016-f5105b5d,12,PAPAKURA,0,0,5.385,0"
"1028-03302-47700-2-77297f2f,13:30:11,13:30:11,6018-6ec17b29,13,PAPAKURA,0,0,5.837,0"
"1028-03302-47700-2-77297f2f,13:31:20,13:31:20,6020-e7ccacf4,14,PAPAKURA,0,0,6.279,0"
"1028-03302-47700-2-77297f2f,13:32:34,13:32:34,6022-e74fbfc4,15,PAPAKURA,0,0,6.756,0"
"1028-03302-47700-2-77297f2f,13:34:27,13:34:27,6748-a5da120c,16,PAPAKURA,0,0,7.48,0"
"1028-03302-47700-2-77297f2f,13:37:00,13:37:00,2188-83862626,17,PAPAKURA,0,0,8.457,0"
"1028-03302-47700-2-77297f2f,13:37:59,13:38:00,2127-d4ee58fe,18,PAPAKURA,0,0,8.845,1"
"1028-03302-47700-2-77297f2f,13:42:22,13:42:22,2144-f41225ff,19,PAPAKURA,0,0,10.488,0"
"1028-03302-47700-2-77297f2f,13:43:29,13:43:29,6030-4ac478ba,20,PAPAKURA,0,0,10.91,0"
"1028-03302-47700-2-77297f2f,13:45:10,13:45:10,6888-50de093b,21,PAPAKURA,0,0,11.543,0"
"1028-03302-47700-2-77297f2f,13:45:59,13:45:59,6032-f087a2c8,22,PAPAKURA,0,0,11.852,0"
"1028-03302-47700-2-77297f2f,13:46:43,13:46:43,6034-32537549,23,PAPAKURA,0,0,12.129,0"
"1028-03302-47700-2-77297f2f,13:47:43,13:47:43,6036-5e3a267c,24,PAPAKURA,0,0,12.5,0"
"1028-03302-47700-2-77297f2f,13:48:52,13:48:52,6038-926fe1f9,25,PAPAKURA,0,0,12.933,0"
"1028-03302-47700-2-77297f2f,13:49:21,13:49:21,2290-f342b6c3,26,PAPAKURA,0,0,13.118,0"
"1028-03302-47700-2-77297f2f,13:50:03,13:50:03,2473-358e0fc9,27,PAPAKURA,0,0,13.376,0"
"1028-03302-47700-2-77297f2f,13:50:59,13:51:00,6044-9da250d0,28,PAPAKURA,0,0,13.734,1"
"1028-03302-47700-2-77297f2f,13:53:01,13:53:01,6042-574a8217,29,PAPAKURA,0,0,14.414,0"
"1028-03302-47700-2-77297f2f,13:54:37,13:54:37,2416-8b918234,30,PAPAKURA,0,0,14.954,0"
"1028-03302-47700-2-77297f2f,13:55:12,13:55:12,2420-d618da7d,31,PAPAKURA,0,0,15.147,0"
"1028-03302-47700-2-77297f2f,13:55:59,13:55:59,6046-23479c49,32,PAPAKURA,0,0,15.411,0"
"1028-03302-47700-2-77297f2f,13:57:41,13:57:41,2536-ad1d8fa6,33,PAPAKURA,0,0,15.98,0"
"1028-03302-47700-2-77297f2f,13:59:36,13:59:36,2534-5e0aaed5,34,PAPAKURA,0,0,16.629,0"
"1028-03302-47700-2-77297f2f,14:01:05,14:01:05,2532-172b93df,35,PAPAKURA,0,0,17.128,0"
"1028-03302-47700-2-77297f2f,14:02:22,14:02:22,2736-75d8c53c,36,PAPAKURA,0,0,17.563,0"
"1028-03302-47700-2-77297f2f,14:03:18,14:03:18,2530-b352218f,37,PAPAKURA,0,0,17.873,0"
"1028-03302-47700-2-77297f2f,14:04:44,14:04:44,2528-ed32a7f6,38,PAPAKURA,0,0,18.356,0"
"1028-03302-47700-2-77297f2f,14:06:09,14:06:09,2526-cdd27e0c,39,PAPAKURA,0,0,18.835,0"
"1028-03302-47700-2-77297f2f,14:07:30,14:07:30,2524-54f3f4c9,40,PAPAKURA,0,0,19.297,0"
"1028-03302-47700-2-77297f2f,14:09:27,14:09:27,2522-d7d47f16,41,PAPAKURA,0,0,19.954,0"
"1028-03302-47700-2-77297f2f,14:10:32,14:10:32,2520-72ead39b,42,PAPAKURA,0,0,20.319,0"
"1028-03302-47700-2-77297f2f,14:12:00,14:12:00,2716-29bbacfe,43,PAPAKURA,1,0,20.814,0"
"1052-39220-70680-2-77928d57,19:38:00,19:38:00,2850-3422d278,1,BIRDWOOD,0,0,0,0"
"1052-39220-70680-2-77928d57,19:39:22,19:39:22,2928-c49936fe,2,BIRDWOOD,0,0,0.811,0"
"1052-39220-70680-2-77928d57,19:40:16,19:40:16,2888-e045a4e2,3,BIRDWOOD,0,0,1.334,0"
"1052-39220-70680-2-77928d57,19:40:34,19:40:34,2832-70c5fb58,4,BIRDWOOD,1,1,1.514,0"
"1052-39220-70680-2-77928d57,19:41:10,19:41:10,2844-c5c06611,5,BIRDWOOD,0,0,1.861,0"
"1052-39220-70680-2-77928d57,19:41:55,19:41:55,2836-995003f2,6,PUKEKOHE,0,0,2.31,0"
"1052-39220-70680-2-77928d57,19:42:23,19:42:23,2834-8e65768f,7,PUKEKOHE,0,0,2.585,0"
"1052-39220-70680-2-77928d57,19:43:09,19:43:09,2884-e351391d,8,PUKEKOHE,0,0,3.031,0"
"1052-39220-70680-2-77928d57,19:44:13,19:44:13,2904-1af5358f,9,PUKEKOHE,0,0,3.664,0"
"1052-39220-70680-2-77928d57,19:45:02,19:45:02,2901-ca8036e1,10,PUKEKOHE,0,0,4.148,0"
"1052-39220-70680-2-77928d57,19:46:02,19:46:02,2895-613fc12b,11,PUKEKOHE,0,0,4.732,0"
"1052-39220-70680-2-77928d57,19:47:38,19:47:38,2871-bdcfea37,12,PUKEKOHE,0,0,5.67,0"
"1052-39220-70680-2-77928d57,19:49:27,19:49:27,2877-7f23a927,13,PUKEKOHE,0,0,7.089,0"
"1052-39220-70680-2-77928d57,19:50:47,19:50:47,2891-70c5fa94,14,PUKEKOHE,0,0,7.871,0"
"1052-39220-70680-2-77928d57,19:51:18,19:51:18,2907-d4e7c758,15,PUKEKOHE,0,0,8.179,0"
"1052-39220-70680-2-77928d57,19:52:00,19:52:00,2909-007e61b2,16,PUKEKOHE,0,0,8.589,0"
"1052-39220-70680-2-77928d57,19:52:53,19:52:53,2929-7be58f7d,17,PUKEKOHE,0,0,9.11,0"
"1052-39220-70680-2-77928d57,19:54:00,19:54:00,2850-3422d278,18,BIRDWOOD,1,0,9.773,0"
"1183-07208-71700-2-d511ea64,19:55:00,19:55:00,1759-1cb249c7,1,HOWICK,0,0,0,0"
"1183-07208-71700-2-d511ea64,19:59:05,19:59:05,6128-f060967f,2,HOWICK,0,0,2.134,0"
"1183-07208-71700-2-d511ea64,20:00:00,20:00:00,6062-2bdd5342,3,HOWICK,0,0,2.613,0"
"1183-07208-71700-2-d511ea64,20:01:13,20:01:13,6798-b2320877,4,HOWICK,0,0,3.28,0"
"1183-07208-71700-2-d511ea64,20:02:05,20:02:05,2388-ca0cd8c3,5,HOWICK,0,0,3.752,0"
"1183-07208-71700-2-d511ea64,20:02:39,20:02:39,6066-2eb8b10e,6,HOWICK,0,0,4.068,0"
"1183-07208-71700-2-d511ea64,20:03:36,20:03:36,6068-50f9c2dd,7,HOWICK,0,0,4.589,0"
"1183-07208-71700-2-d511ea64,20:04:35,20:04:35,6072-af9c2c97,8,HOWICK,0,0,5.125,0"
"1183-07208-71700-2-d511ea64,20:05:15,20:05:15,6074-63b07f1c,9,HOWICK,0,0,5.492,0"
"1183-07208-71700-2-d511ea64,20:06:12,20:06:12,6076-1877f962,10,HOWICK,0,0,6.014,0"
"1183-07208-71700-2-d511ea64,20:06:59,20:06:59,6064-745be838,11,HOWICK,0,0,6.441,0"
"1183-07208-71700-2-d511ea64,20:07:47,20:07:47,6080-670472a8,12,HOWICK,0,0,6.886,0"
"1183-07208-71700-2-d511ea64,20:08:45,20:08:45,6082-7f597288,13,HOWICK,0,0,7.416,0"
"1183-07208-71700-2-d511ea64,20:09:22,20:09:22,2103-a4806e91,14,HOWICK,0,0,7.755,0"
"1183-07208-71700-2-d511ea64,20:09:45,20:09:45,6261-958a3ce5,15,HOWICK,0,0,7.968,0"
"1183-07208-71700-2-d511ea64,20:10:41,20:10:41,6263-40106a9f,16,HOWICK,0,0,8.48,0"
"1183-07208-71700-2-d511ea64,20:11:18,20:11:18,6262-a1343a76,17,HOWICK,0,0,8.816,0"
"1183-07208-71700-2-d511ea64,20:12:00,20:12:00,6264-ea24725e,18,BOTANY,0,0,9.199,0"
"1183-07208-71700-2-d511ea64,20:12:48,20:12:48,1928-fd8571d8,19,BOTANY,0,0,9.605,0"
"1183-07208-71700-2-d511ea64,20:13:16,20:13:16,6270-d2f1d9df,20,BOTANY,0,0,9.85,0"
"1183-07208-71700-2-d511ea64,20:13:55,20:13:55,6272-7ac844e9,21,BOTANY,0,0,10.178,0"
"1183-07208-71700-2-d511ea64,20:14:51,20:14:51,1930-3cd98b18,22,BOTANY,0,0,10.661,0"
"1183-07208-71700-2-d511ea64,20:15:51,20:15:51,6240-152443dc,23,BOTANY,0,0,11.172,0"
"1183-07208-71700-2-d511ea64,20:16:39,20:16:39,6242-a9188bd7,24,BOTANY,0,0,11.58,0"
"1183-07208-71700-2-d511ea64,20:17:14,20:17:14,6244-5df958b5,25,BOTANY,0,0,11.881,0"
"1183-07208-71700-2-d511ea64,20:18:04,20:18:04,6246-ba211fe8,26,BOTANY,0,0,12.315,0"
"1183-07208-71700-2-d511ea64,20:18:42,20:18:42,2111-46d8fecd,27,BOTANY,0,0,12.638,0"
"1183-07208-71700-2-d511ea64,20:19:33,20:19:33,1927-98845622,28,BOTANY,0,0,13.069,0"
"1183-07208-71700-2-d511ea64,20:19:55,20:19:55,6257-22a000bb,29,BOTANY,0,0,13.262,0"
"1183-07208-71700-2-d511ea64,20:20:48,20:20:48,6938-6d31ac85,30,BOTANY,0,0,13.716,0"
"1183-07208-71700-2-d511ea64,20:23:00,20:23:00,6233-47eb8987,31,BOTANY,1,0,14.84,0"
"1054-39405-40500-2-8a639410,11:15:00,11:15:00,2850-3422d278,1,PAERATA RISE,0,0,0,0"
"1054-39405-40500-2-8a639410,11:16:13,11:16:13,2928-c49936fe,2,PAERATA RISE,0,0,0.811,0"
"1054-39405-40500-2-8a639410,11:17:00,11:17:00,2888-e045a4e2,3,PAERATA RISE,0,0,1.334,0"
"1054-39405-40500-2-8a639410,11:17:17,11:17:17,2832-70c5fb58,4,PAERATA RISE,1,1,1.514,0"
"1054-39405-40500-2-8a639410,11:17:48,11:17:48,2844-c5c06611,5,PAERATA RISE,0,0,1.861,0"
"1054-39405-40500-2-8a639410,11:18:29,11:18:29,2836-995003f2,6,PAERATA RISE,0,0,2.31,0"
"1054-39405-40500-2-8a639410,11:18:54,11:18:54,2834-8e65768f,7,PAERATA RISE,0,0,2.585,0"
"1054-39405-40500-2-8a639410,11:20:30,11:20:30,2380-efbdf952,8,PAERATA RISE,0,0,3.653,0"
"1054-39405-40500-2-8a639410,11:21:25,11:21:25,2865-13391d53,9,PAERATA RISE,0,0,4.259,0"
"1054-39405-40500-2-8a639410,11:22:38,11:22:38,2900-10702c0a,10,PAERATA RISE,0,0,5.071,0"
"1054-39405-40500-2-8a639410,11:23:07,11:23:07,2828-3a010db0,11,PAERATA RISE,0,0,5.387,0"
"1054-39405-40500-2-8a639410,11:23:36,11:23:36,2822-7a7f3e5d,12,PAERATA RISE,0,0,5.711,0"
"1054-39405-40500-2-8a639410,11:24:01,11:24:01,2854-6f600908,13,PAERATA RISE,0,0,5.986,0"
"1054-39405-40500-2-8a639410,11:27:32,11:27:32,2824-b9bf187d,14,PAPAKURA,0,0,8.327,0"
"1054-39405-40500-2-8a639410,11:28:00,11:28:00,2826-23d3e76e,15,PAPAKURA,0,0,8.635,0"
"1054-39405-40500-2-8a639410,11:48:00,11:48:00,2716-29bbacfe,16,PAPAKURA,1,0,21.651,0"
"1222-01108-33720-2-935ba460,09:22:00,09:22:00,1005-c105552e,1,NORTHWEST,0,0,0,0"
"1222-01108-33720-2-935ba460,09:25:11,09:25:11,7030-621caa72,2,NORTHWEST,0,0,0.727,0"
"1222-01108-33720-2-935ba460,09:26:44,09:26:44,7082-6e0c4fef,3,NORTHWEST,0,0,1.082,0"
"1222-01108-33720-2-935ba460,09:28:00,09:28:00,7084-4da5d2dd,4,NORTHWEST,0,0,1.367,0"
"1222-01108-33720-2-935ba460,09:29:36,09:29:36,1524-2e7e0ebb,5,NORTHWEST,0,0,1.73,0"
"1222-01108-33720-2-935ba460,09:32:00,09:32:00,7136-7b4dffe1,6,NORTHWEST,0,0,2.278,0"
"1222-01108-33720-2-935ba460,09:32:42,09:32:42,8100-08cef0ad,7,NORTHWEST,0,0,2.657,0"
"1222-01108-33720-2-935ba460,09:33:09,09:33:09,8102-7250bcd8,8,NORTHWEST,0,0,2.902,0"
"1222-01108-33720-2-935ba460,09:33:44,09:33:44,8104-8bfd88ba,9,NORTHWEST,0,0,3.215,0"
"1222-01108-33720-2-935ba460,09:34:08,09:34:08,8106-95c39e43,10,NORTHWEST,0,0,3.435,0"
"1222-01108-33720-2-935ba460,09:34:36,09:34:36,8108-01016126,11,NORTHWEST,0,0,3.686,0"
"1222-01108-33720-2-935ba460,09:35:22,09:35:22,8112-dbbd55df,12,NORTHWEST,0,0,4.1,0"
"1222-01108-33720-2-935ba460,09:35:54,09:35:54,8114-f4e4a02c,13,NORTHWEST,0,0,4.391,0"
"1222-01108-33720-2-935ba460,09:36:34,09:36:34,8118-170afaad,14,NORTHWEST,0,0,4.756,0"
"1222-01108-33720-2-935ba460,09:37:28,09:37:28,8120-1485cc06,15,NORTHWEST,0,0,5.246,0"
"1222-01108-33720-2-935ba460,09:38:42,09:38:42,8122-89235838,16,NORTHWEST,0,0,5.912,0"
"1222-01108-33720-2-935ba460,09:39:32,09:39:32,8124-c7d84961,17,NORTHWEST,0,0,6.367,0"
"1222-01108-33720-2-935ba460,09:40:13,09:40:13,8126-d353d90c,18,NORTHWEST,0,0,6.739,0"
"1222-01108-33720-2-935ba460,09:40:39,09:40:39,8128-2cf01146,19,NORTHWEST,0,0,6.972,0"
"1222-01108-33720-2-935ba460,09:41:04,09:41:04,8130-197d3cff,20,NORTHWEST,0,0,7.205,0"
"1222-01108-33720-2-935ba460,09:52:00,09:52:00,5061-8fccf5dd,21,NORTHWEST,0,0,13.14,0"
"1222-01108-33720-2-935ba460,09:57:00,09:57:00,5935-65f6f8d2,22,NORTHWEST,0,0,15.381,0"
"1222-01108-33720-2-935ba460,09:57:52,09:57:52,5613-d8443403,23,NORTHWEST,0,0,15.683,0"
"1222-01108-33720-2-935ba460,10:00:00,10:00:00,5615-881dbbf0,24,NORTHWEST,0,0,16.417,0"
"1222-01108-33720-2-935ba460,10:01:33,10:01:33,5618-0fb24f71,25,NORTHWEST,0,0,17.034,0"
"1222-01108-33720-2-935ba460,10:02:05,10:02:05,5620-f26cdceb,26,NORTHWEST,0,0,17.246,0"
"1222-01108-33720-2-935ba460,10:02:59,10:02:59,5622-746eab16,27,NORTHWEST,0,0,17.606,0"
"1222-01108-33720-2-935ba460,10:04:15,10:04:15,5601-8a075afb,28,NORTHWEST,0,0,18.108,0"
"1222-01108-33720-2-935ba460,10:04:51,10:04:51,5599-369f5d78,29,NORTHWEST,0,0,18.347,0"
"1222-01108-33720-2-935ba460,10:05:41,10:05:41,5597-3164b496,30,NORTHWEST,0,0,18.678,0"
"1222-01108-33720-2-935ba460,10:06:36,10:06:36,5595-496ef321,31,NORTHWEST,0,0,19.042,0"
"1222-01108-33720-2-935ba460,10:07:05,10:07:05,5625-9b8591ee,32,NORTHWEST,0,0,19.233,0"
"1222-01108-33720-2-935ba460,10:08:25,10:08:25,1669-4bf968cf,33,NORTHWEST,0,0,19.763,0"
"1222-01108-33720-2-935ba460,10:09:28,10:09:28,5567-b38a5324,34,NORTHWEST,0,0,20.178,0"
"1222-01108-33720-2-935ba460,10:10:00,10:10:00,5565-373697bc,35,NORTHWEST,0,0,20.39,0"
"1222-01108-33720-2-935ba460,10:10:31,10:10:31,5574-cbef2d00,36,NORTHWEST,0,0,20.592,0"
"1222-01108-33720-2-935ba460,10:11:37,10:11:37,5902-ca8fa3d1,37,NORTHWEST,0,0,21.028,0"
"1222-01108-33720-2-935ba460,10:12:21,10:12:21,1548-470f42e7,38,NORTHWEST,0,0,21.318,0"
"1222-01108-33720-2-935ba460,10:13:43,10:13:43,1599-7b11ac3b,39,NORTHWEST,0,0,21.858,0"
"1222-01108-33720-2-935ba460,10:15:02,10:15:02,5991-fe74ede0,40,NORTHWEST,0,0,22.379,0"
"1222-01108-33720-2-935ba460,10:16:00,10:16:00,5941-0575e04d,41,NORTHWEST,1,0,22.765,0"
"1389-06401-68400-2-c96ab2bf,19:00:00,19:00:00,7203-52127399,1,MT EDEN,0,0,0,0"
"1389-06401-68400-2-c96ab2bf,19:00:46,19:00:46,7201-b3efdf9d,2,MT EDEN,0,0,0.336,0"
"1389-06401-68400-2-c96ab2bf,19:01:37,19:01:37,7177-4660a5ff,3,MT EDEN,0,0,0.712,0"
"1389-06401-68400-2-c96ab2bf,19:02:22,19:02:22,7175-9bcf7fd5,4,MT EDEN,0,0,1.037,0"
"1389-06401-68400-2-c96ab2bf,19:04:11,19:04:11,7226-9f6992bd,5,KINGSLAND,0,0,1.841,0"
"1389-06401-68400-2-c96ab2bf,19:05:04,19:05:04,8502-39116aa8,6,KINGSLAND,0,0,2.227,0"
"1389-06401-68400-2-c96ab2bf,19:05:41,19:05:41,8504-5c58d944,7,KINGSLAND,0,0,2.497,0"
"1389-06401-68400-2-c96ab2bf,19:06:24,19:06:24,1870-e4a340c2,8,KINGSLAND,0,0,2.815,0"
"1389-06401-68400-2-c96ab2bf,19:06:50,19:06:50,8506-3024a20c,9,KINGSLAND,0,0,3.063,0"
"1389-06401-68400-2-c96ab2bf,19:07:35,19:07:35,8508-f54f12f2,10,KINGSLAND,0,0,3.322,0"
"1389-06401-68400-2-c96ab2bf,19:08:51,19:08:51,1302-c49f1460,11,KINGSLAND,0,0,3.727,0"
"1389-06401-68400-2-c96ab2bf,19:10:08,19:10:08,1450-d95fa745,12,KINGSLAND,0,0,4.443,0"
"1389-06401-68400-2-c96ab2bf,19:10:59,19:11:00,1404-e4d1326d,13,KINGSLAND,0,0,4.826,1"
"1389-06401-68400-2-c96ab2bf,19:11:22,19:11:22,8407-e5857898,14,KINGSLAND,0,0,4.959,0"
"1389-06401-68400-2-c96ab2bf,19:13:25,19:13:25,7288-bb6afee3,15,MT EDEN,0,0,5.712,0"
"1389-06401-68400-2-c96ab2bf,19:14:08,19:14:08,8300-b8c082cf,16,MT EDEN,0,0,5.979,0"
"1389-06401-68400-2-c96ab2bf,19:16:42,19:16:42,1043-7dff423e,17,NEWMARKET,0,0,6.92,0"
"1389-06401-68400-2-c96ab2bf,19:17:46,19:17:46,8978-f95c2d1a,18,NEWMARKET,0,0,7.31,0"
"1389-06401-68400-2-c96ab2bf,19:19:24,19:19:24,8976-0542e5af,19,NEWMARKET,0,0,8.051,0"
"1389-06401-68400-2-c96ab2bf,19:20:50,19:20:50,8511-ad7b97ce,20,NEWMARKET,0,0,8.444,0"
"1389-06401-68400-2-c96ab2bf,19:21:47,19:21:47,8509-694292a8,21,NEWMARKET,0,0,8.79,0"
"1389-06401-68400-2-c96ab2bf,19:22:27,19:22:27,8507-1d1dbb48,22,NEWMARKET,0,0,9.032,0"
"1389-06401-68400-2-c96ab2bf,19:23:24,19:23:24,8505-5bfeb2fa,23,NEWMARKET,0,0,9.382,0"
"1389-06401-68400-2-c96ab2bf,19:23:56,19:23:56,8503-d4c66d96,24,NEWMARKET,0,0,9.577,0"
"1389-06401-68400-2-c96ab2bf,19:24:45,19:24:45,7229-77847204,25,NEWMARKET,0,0,9.875,0"
"1389-06401-68400-2-c96ab2bf,19:27:07,19:27:07,7176-5f375d10,26,NEWMARKET,0,0,10.753,0"
"1389-06401-68400-2-c96ab2bf,19:27:48,19:27:48,8541-4701d941,27,NEWMARKET,0,0,11.006,0"
"1389-06401-68400-2-c96ab2bf,19:28:38,19:28:38,7180-d8879c11,28,NEWMARKET,0,0,11.315,0"
"1389-06401-68400-2-c96ab2bf,19:30:00,19:30:00,7204-fea806bd,29,NEWMARKET,1,0,11.819,0"
"1327-86502-63000-2-5088d9eb,17:30:00,17:30:00,4229-7b2b4fbf,1,BROWNS BAY,0,0,0,0"
"1327-86502-63000-2-5088d9eb,17:32:25,17:32:25,4341-d912150d,2,BROWNS BAY,0,0,0.799,0"
"1327-86502-63000-2-5088d9eb,17:33:29,17:33:29,4230-f56f32c5,3,BROWNS BAY,0,0,1.147,0"
"1327-86502-63000-2-5088d9eb,17:34:55,17:34:55,3181-99d91451,4,BROWNS BAY,0,0,1.623,0"
"1327-86502-63000-2-5088d9eb,17:36:32,17:36:32,4137-9d6cab33,5,BROWNS BAY,0,0,2.16,0"
"1327-86502-63000-2-5088d9eb,17:38:15,17:38:15,3146-bcdcc837,6,BROWNS BAY,0,0,2.722,0"
"1327-86502-63000-2-5088d9eb,17:39:06,17:39:06,3144-4b9cd5c3,7,BROWNS BAY,0,0,3.002,0"
"1327-86502-63000-2-5088d9eb,17:40:22,17:40:22,3140-eb860601,8,BROWNS BAY,0,0,3.417,0"
"1327-86502-63000-2-5088d9eb,17:41:35,17:41:35,3136-8dec8c25,9,BROWNS BAY,0,0,3.813,0"
"1327-86502-63000-2-5088d9eb,17:42:48,17:42:48,3134-754cb752,10,BROWNS BAY,0,0,4.215,0"
"1327-86502-63000-2-5088d9eb,17:43:28,17:43:28,3115-dd5f8893,11,BROWNS BAY,0,0,4.438,0"
"1327-86502-63000-2-5088d9eb,17:45:32,17:45:32,3111-ef202720,12,BROWNS BAY,0,0,5.112,0"
"1327-86502-63000-2-5088d9eb,17:47:00,17:47:00,3122-274030a1,13,BROWNS BAY,1,0,5.595,0"
"1157-73303-45000-2-c14f7f09,12:30:00,12:30:00,6233-47eb8987,1,BUCKLND BCH,0,0,0,0"
"1157-73303-45000-2-c14f7f09,12:31:56,12:31:56,6235-4b507972,2,BUCKLND BCH,0,0,0.794,0"
"1157-73303-45000-2-c14f7f09,12:33:22,12:33:22,6053-7d5d39dd,3,BUCKLND BCH,0,0,1.395,0"
"1157-73303-45000-2-c14f7f09,12:34:43,12:34:43,1908-6214e02f,4,BUCKLND BCH,0,0,1.964,0"
"1157-73303-45000-2-c14f7f09,12:35:42,12:35:42,1925-d508c3ea,5,BUCKLND BCH,0,0,2.38,0"
"1157-73303-45000-2-c14f7f09,12:36:59,12:36:59,1903-4edd24c6,6,BUCKLND BCH,0,0,2.918,0"
"1157-73303-45000-2-c14f7f09,12:37:32,12:37:32,6213-40c53071,7,BUCKLND BCH,0,0,3.151,0"
"1157-73303-45000-2-c14f7f09,12:39:34,12:39:34,6211-83e50e21,8,BUCKLND BCH,0,0,4.005,0"
"1157-73303-45000-2-c14f7f09,12:40:27,12:40:27,6377-d7ce1d35,9,BUCKLND BCH,0,0,4.378,0"
"1157-73303-45000-2-c14f7f09,12:40:52,12:40:52,2076-0efd73fd,10,BUCKLND BCH,0,0,4.557,0"
"1157-73303-45000-2-c14f7f09,12:41:52,12:41:52,6249-5d2e6499,11,BUCKLND BCH,0,0,4.936,0"
"1157-73303-45000-2-c14f7f09,12:42:17,12:42:17,6071-b9f62d00,12,BUCKLND BCH,0,0,5.13,0"
"1157-73303-45000-2-c14f7f09,12:43:27,12:43:27,2031-74bbe589,13,BUCKLND BCH,0,0,5.627,0"
"1157-73303-45000-2-c14f7f09,12:44:34,12:44:34,6159-80d41e30,14,BUCKLND BCH,0,0,6.096,0"
"1157-73303-45000-2-c14f7f09,12:45:31,12:45:31,6195-4206438c,15,BUCKLND BCH,0,0,6.497,0"
"1157-73303-45000-2-c14f7f09,12:46:11,12:46:11,2101-d62c3095,16,BUCKLND BCH,0,0,6.779,0"
"1157-73303-45000-2-c14f7f09,12:47:05,12:47:05,6193-05bc34d8,17,BUCKLND BCH,0,0,7.157,0"
"1157-73303-45000-2-c14f7f09,12:47:39,12:47:39,6993-3239d657,18,BUCKLND BCH,0,0,7.391,0"
"1157-73303-45000-2-c14f7f09,12:48:50,12:48:50,6157-c3fe642e,19,BUCKLND BCH,0,0,7.894,0"
"1157-73303-45000-2-c14f7f09,12:49:33,12:49:33,6155-7b0a5330,20,BUCKLND BCH,0,0,8.199,0"
"1157-73303-45000-2-c14f7f09,12:50:38,12:50:38,1919-5766eadd,21,BUCKLND BCH,0,0,8.652,0"
"1157-73303-45000-2-c14f7f09,12:51:14,12:51:14,6153-acf65b21,22,BUCKLND BCH,0,0,8.908,0"
"1157-73303-45000-2-c14f7f09,12:51:59,12:51:59,1931-79980844,23,BUCKLND BCH,0,0,9.219,0"
"1157-73303-45000-2-c14f7f09,12:53:00,12:53:00,6163-4f9afca8,24,BUCKLND BCH,1,0,9.649,0"
"1363-50102-30600-2-7b2b309f,08:30:00,08:30:00,1134-3f27d794,1,KENNEDY PT,0,0,0,0"
"1363-50102-30600-2-7b2b309f,08:31:30,08:31:30,1143-adc3bbe2,2,KENNEDY PT,0,0,0.738,0"
"1363-50102-30600-2-7b2b309f,08:33:04,08:33:04,1151-8c367565,3,KENNEDY PT,0,0,1.52,0"
"1363-50102-30600-2-7b2b309f,08:33:22,08:33:22,1153-cfdac820,4,KENNEDY PT,0,0,1.67,0"
"1363-50102-30600-2-7b2b309f,08:34:00,08:34:00,1155-a7cc8152,5,KENNEDY PT,0,0,1.98,0"
"1363-50102-30600-2-7b2b309f,08:35:00,08:35:00,1171-426cda32,6,KENNEDY PT,0,0,2.501,0"
"1363-50102-30600-2-7b2b309f,08:36:19,08:36:19,1173-6204102e,7,KENNEDY PT,0,0,3.207,0"
"1363-50102-30600-2-7b2b309f,08:37:07,08:37:07,1154-2c0ac8f9,8,KENNEDY PT,0,0,3.629,0"
"1363-50102-30600-2-7b2b309f,08:38:00,08:38:00,1177-bfbb2f29,9,KENNEDY PT,0,0,4.098,0"
"1363-50102-30600-2-7b2b309f,08:38:42,08:38:42,1158-d676b0f4,10,KENNEDY PT,0,0,4.503,0"
"1363-50102-30600-2-7b2b309f,08:39:53,08:39:53,1219-ce8d8a1c,11,KENNEDY PT,0,0,5.185,0"
"1363-50102-30600-2-7b2b309f,08:41:00,08:41:00,1200-3cc2ca74,12,KENNEDY PT,0,0,5.831,0"
"1363-50102-30600-2-7b2b309f,08:41:58,08:41:58,1198-ee3d7b02,13,KENNEDY PT,0,0,6.252,0"
"1363-50102-30600-2-7b2b309f,08:43:42,08:43:42,8982-905af5fc,14,KENNEDY PT,0,0,7.001,0"
"1363-50102-30600-2-7b2b309f,08:44:49,08:44:49,8984-60a5c7bb,15,KENNEDY PT,0,0,7.584,0"
"1363-50102-30600-2-7b2b309f,08:45:53,08:45:53,8986-d95d9e6c,16,KENNEDY PT,0,0,7.949,0"
"1363-50102-30600-2-7b2b309f,08:48:00,08:48:00,1217-44ce2eb7,17,KENNEDY PT,1,0,8.871,0"
"1348-50202-77400-2-a74dad2e,21:30:00,21:30:00,1134-3f27d794,1,ROCKY BAY,0,0,0,0"
"1348-50202-77400-2-a74dad2e,21:31:30,21:31:30,1143-adc3bbe2,2,ROCKY BAY,0,0,0.738,0"
"1348-50202-77400-2-a74dad2e,21:33:04,21:33:04,1151-8c367565,3,ROCKY BAY,0,0,1.52,0"
"1348-50202-77400-2-a74dad2e,21:33:22,21:33:22,1153-cfdac820,4,ROCKY BAY,0,0,1.67,0"
"1348-50202-77400-2-a74dad2e,21:34:00,21:34:00,1155-a7cc8152,5,ROCKY BAY,0,0,1.98,0"
"1348-50202-77400-2-a74dad2e,21:34:30,21:34:30,1140-ae6737bf,6,ROCKY BAY,0,0,2.213,0"
"1348-50202-77400-2-a74dad2e,21:34:52,21:34:52,1142-ee01122f,7,ROCKY BAY,0,0,2.377,0"
"1348-50202-77400-2-a74dad2e,21:35:21,21:35:21,1144-04c6957e,8,ROCKY BAY,0,0,2.596,0"
"1348-50202-77400-2-a74dad2e,21:35:59,21:35:59,1165-af22fc35,9,ROCKY BAY,0,0,2.887,0"
"1348-50202-77400-2-a74dad2e,21:36:28,21:36:28,1167-4b49c69e,10,ROCKY BAY,0,0,3.109,0"
"1348-50202-77400-2-a74dad2e,21:36:53,21:36:53,1169-0e0279d7,11,ROCKY BAY,0,0,3.291,0"
"1348-50202-77400-2-a74dad2e,21:37:36,21:37:36,1229-22eed645,12,ROCKY BAY,0,0,3.625,0"
"1348-50202-77400-2-a74dad2e,21:38:23,21:38:23,1225-07bd0455,13,ROCKY BAY,0,0,3.984,0"
"1348-50202-77400-2-a74dad2e,21:39:28,21:39:28,1231-6779f17b,14,ROCKY BAY,0,0,4.479,0"
"1348-50202-77400-2-a74dad2e,21:40:11,21:40:11,1190-2073c4e5,15,ROCKY BAY,0,0,4.814,0"
"1348-50202-77400-2-a74dad2e,21:41:00,21:41:00,1192-9bfa2c84,16,ROCKY BAY,0,0,5.186,0"
"1348-50202-77400-2-a74dad2e,21:41:35,21:41:35,1194-b5b2cdd6,17,ROCKY BAY,0,0,5.424,0"
"1348-50202-77400-2-a74dad2e,21:42:58,21:42:58,1211-53d1b560,18,ROCKY BAY,0,0,5.971,0"
"1348-50202-77400-2-a74dad2e,21:43:50,21:43:50,1188-5fdcacc7,19,ROCKY BAY,0,0,6.32,0"
"1348-50202-77400-2-a74dad2e,21:44:56,21:44:56,1186-58bba566,20,ROCKY BAY,0,0,6.752,0"
"1348-50202-77400-2-a74dad2e,21:46:08,21:46:08,1182-654162f4,21,ROCKY BAY,0,0,7.232,0"
"1348-50202-77400-2-a74dad2e,21:47:07,21:47:07,1184-29429dcf,22,ROCKY BAY,0,0,7.625,0"
"1348-50202-77400-2-a74dad2e,21:48:00,21:48:00,1196-7de496f4,23,ROCKY BAY,0,0,7.973,0"
"1348-50202-77400-2-a74dad2e,21:49:01,21:49:01,1203-cc05f091,24,ROCKY BAY,0,0,8.359,0"
"1348-50202-77400-2-a74dad2e,21:50:08,21:50:08,1180-278eb411,25,ROCKY BAY,0,0,8.793,0"
"1348-50202-77400-2-a74dad2e,21:51:03,21:51:03,1178-c2028e75,26,ROCKY BAY,0,0,9.143,0"
"1348-50202-77400-2-a74dad2e,21:52:34,21:52:34,1176-081f8cb9,27,ROCKY BAY,0,0,9.723,0"
"1348-50202-77400-2-a74dad2e,21:53:35,21:53:35,1195-8e46de66,28,ROCKY BAY,0,0,10.105,0"
"1348-50202-77400-2-a74dad2e,21:55:00,21:55:00,1542-c77871f1,29,ROCKY BAY,0,0,10.646,0"
"1348-50202-77400-2-a74dad2e,21:56:00,21:56:00,1509-9956575d,30,ROCKY BAY,0,0,11.171,0"
"1348-50202-77400-2-a74dad2e,21:57:13,21:57:13,1139-6ed6abb0,31,ROCKY BAY,0,0,11.808,0"
"1348-50202-77400-2-a74dad2e,21:58:23,21:58:23,1132-f96a1a12,32,ROCKY BAY,0,0,12.422,0"
"1348-50202-77400-2-a74dad2e,21:59:01,21:59:01,1122-2188dd98,33,ROCKY BAY,0,0,12.754,0"
"1348-50202-77400-2-a74dad2e,21:59:33,21:59:33,1121-095b53b3,34,ROCKY BAY,0,0,13.039,0"
"1348-50202-77400-2-a74dad2e,21:59:58,21:59:58,1119-d0097020,35,ROCKY BAY,0,0,13.252,0"
"1348-50202-77400-2-a74dad2e,22:01:52,22:01:52,1117-cc4450cf,36,ROCKY BAY,0,0,14.257,0"
"1348-50202-77400-2-a74dad2e,22:02:25,22:02:25,1115-c5d42b72,37,ROCKY BAY,0,0,14.546,0"
"1348-50202-77400-2-a74dad2e,22:03:04,22:03:04,1309-c30d2ec2,38,ROCKY BAY,0,0,14.887,0"
"1348-50202-77400-2-a74dad2e,22:04:00,22:04:00,1113-31a2d64f,39,ROCKY BAY,1,0,15.37,0"
"1281-02503-69420-2-445a0b34,19:17:00,19:17:00,7139-e360d6b5,1,CITY CENTRE,0,0,0,0"
"1281-02503-69420-2-445a0b34,19:17:43,19:17:43,8695-ca2ced32,2,CITY CENTRE,0,0,0.396,0"
"1281-02503-69420-2-445a0b34,19:18:16,19:18:16,8693-c92bc54c,3,CITY CENTRE,0,0,0.709,0"
"1281-02503-69420-2-445a0b34,19:19:09,19:19:09,8691-072762e5,4,CITY CENTRE,0,0,1.192,0"
"1281-02503-69420-2-445a0b34,19:19:51,19:19:51,8689-141d1cf1,5,CITY CENTRE,0,0,1.587,0"
"1281-02503-69420-2-445a0b34,19:20:33,19:20:33,8687-55bb130e,6,CITY CENTRE,0,0,1.977,0"
"1281-02503-69420-2-445a0b34,19:21:12,19:21:12,8685-fb41f304,7,CITY CENTRE,0,0,2.344,0"
"1281-02503-69420-2-445a0b34,19:21:53,19:21:53,8683-81535039,8,CITY CENTRE,0,0,2.72,0"
"1281-02503-69420-2-445a0b34,19:22:33,19:22:33,8681-73ddb00d,9,CITY CENTRE,0,0,3.091,0"
"1281-02503-69420-2-445a0b34,19:23:08,19:23:08,8677-4f6bdddf,10,CITY CENTRE,0,0,3.417,0"
"1281-02503-69420-2-445a0b34,19:23:49,19:23:49,8679-8d7259d2,11,CITY CENTRE,0,0,3.797,0"
"1281-02503-69420-2-445a0b34,19:24:16,19:24:16,8451-793d4f7f,12,CITY CENTRE,0,0,4.05,0"
"1281-02503-69420-2-445a0b34,19:24:47,19:24:47,8449-4ef496b0,13,CITY CENTRE,0,0,4.329,0"
"1281-02503-69420-2-445a0b34,19:25:17,19:25:17,8447-3370032a,14,CITY CENTRE,0,0,4.61,0"
"1281-02503-69420-2-445a0b34,19:25:41,19:25:41,8445-6b7c2345,15,CITY CENTRE,0,0,4.828,0"
"1281-02503-69420-2-445a0b34,19:26:32,19:26:32,8443-d3fed835,16,CITY CENTRE,0,0,5.303,0"
"1281-02503-69420-2-445a0b34,19:27:22,19:27:22,8441-0e2b8acf,17,CITY CENTRE,0,0,5.767,0"
"1281-02503-69420-2-445a0b34,19:27:43,19:27:43,8439-96597e19,18,CITY CENTRE,0,0,5.955,0"
"1281-02503-69420-2-445a0b34,19:28:14,19:28:14,8437-017578d1,19,CITY CENTRE,0,0,6.24,0"
"1281-02503-69420-2-445a0b34,19:28:57,19:28:57,8435-bd99e259,20,CITY CENTRE,0,0,6.637,0"
"1281-02503-69420-2-445a0b34,19:29:25,19:29:25,8433-045055d5,21,CITY CENTRE,0,0,6.898,0"
"1281-02503-69420-2-445a0b34,19:29:59,19:30:00,8431-050907ba,22,CITY CENTRE,0,0,7.221,1"
"1281-02503-69420-2-445a0b34,19:31:05,19:31:05,8429-c521b18d,23,CITY CENTRE,0,0,7.556,0"
"1281-02503-69420-2-445a0b34,19:32:25,19:32:25,8427-debbae1c,24,CITY CENTRE,0,0,7.966,0"
"1281-02503-69420-2-445a0b34,19:33:12,19:33:12,8425-15788731,25,CITY CENTRE,0,0,8.207,0"
"1281-02503-69420-2-445a0b34,19:34:11,19:34:11,8423-97153dae,26,CITY CENTRE,0,0,8.512,0"
"1281-02503-69420-2-445a0b34,19:34:59,19:34:59,8421-69264ac6,27,CITY CENTRE,0,0,8.757,0"
"1281-02503-69420-2-445a0b34,19:35:56,19:35:56,8419-5d02c2ad,28,CITY CENTRE,0,0,9.047,0"
"1281-02503-69420-2-445a0b34,19:37:04,19:37:04,8417-c5f97aa1,29,CITY CENTRE,0,0,9.396,0"
"1281-02503-69420-2-445a0b34,19:37:41,19:37:41,8415-65545ca0,30,CITY CENTRE,0,0,9.587,0"
"1281-02503-69420-2-445a0b34,19:38:25,19:38:25,8413-51b2fa12,31,CITY CENTRE,0,0,9.809,0"
"1281-02503-69420-2-445a0b34,19:39:42,19:39:42,8411-27da8c3d,32,CITY CENTRE,0,0,10.203,0"
"1281-02503-69420-2-445a0b34,19:41:04,19:41:04,8407-e5857898,33,CITY CENTRE,0,0,10.626,0"
"1281-02503-69420-2-445a0b34,19:42:35,19:42:35,8405-eba9adde,34,CITY CENTRE,0,0,11.094,0"
"1281-02503-69420-2-445a0b34,19:43:32,19:43:32,8403-04d67b79,35,CITY CENTRE,0,0,11.388,0"
"1281-02503-69420-2-445a0b34,19:44:28,19:44:28,8401-9ee0a96b,36,CITY CENTRE,0,0,11.679,0"
"1281-02503-69420-2-445a0b34,19:45:57,19:45:57,8505-5bfeb2fa,37,CITY CENTRE,0,0,12.137,0"
"1281-02503-69420-2-445a0b34,19:46:35,19:46:35,8503-d4c66d96,38,CITY CENTRE,0,0,12.332,0"
"1281-02503-69420-2-445a0b34,19:47:52,19:47:52,8501-bc9f89ab,39,CITY CENTRE,0,0,12.723,0"
"1281-02503-69420-2-445a0b34,19:49:16,19:49:16,7151-93995941,40,CITY CENTRE,0,0,13.153,0"
"1281-02503-69420-2-445a0b34,19:51:18,19:51:18,7149-6d6d1e99,41,CITY CENTRE,0,0,13.781,0"
"1281-02503-69420-2-445a0b34,19:52:51,19:52:51,7147-4e9003b4,42,CITY CENTRE,0,0,14.26,0"
"1281-02503-69420-2-445a0b34,19:53:33,19:53:33,7089-8ec85023,43,CITY CENTRE,0,0,14.476,0"
"1281-02503-69420-2-445a0b34,19:55:00,19:55:00,7058-d68c50d8,44,CITY CENTRE,1,0,14.926,0"
"1023-22232-33900-2-b6768518,09:25:00,09:25:00,7005-5e0d0b6d,1,OTAHUHU,0,0,0,0"
"1023-22232-33900-2-b6768518,09:32:00,09:32:00,7188-61059b9a,2,OTAHUHU,0,0,1.622,0"
"1023-22232-33900-2-b6768518,09:39:00,09:39:00,7400-cd37ea9e,3,OTAHUHU,0,0,3.799,0"
"1023-22232-33900-2-b6768518,09:43:00,09:43:00,7604-e83cbec4,4,OTAHUHU,0,0,5.836,0"
"1023-22232-33900-2-b6768518,09:45:00,09:45:00,7612-5df8f095,5,OTAHUHU,0,0,6.925,0"
"1023-22232-33900-2-b6768518,09:49:00,09:49:00,1745-ddfe3bb8,6,OTAHUHU,0,0,8.449,0"
"1023-22232-33900-2-b6768518,09:53:00,09:53:00,7624-2916a36b,7,OTAHUHU,0,0,10.37,0"
"1023-22232-33900-2-b6768518,10:06:00,10:06:00,1771-118407aa,8,OTAHUHU,1,0,15.613,0"
"1054-39406-59400-2-ea786167,16:30:00,16:30:00,2716-29bbacfe,1,PUKEKOHE,0,0,0,0"
"1054-39406-59400-2-ea786167,16:54:00,16:54:00,2831-6006f5cd,2,PUKEKOHE,0,0,12.943,0"
"1054-39406-59400-2-ea786167,16:54:38,16:54:38,2833-79b12a1b,3,PUKEKOHE,0,0,13.284,0"
"1054-39406-59400-2-ea786167,16:55:48,16:55:48,2896-8856a802,4,PUKEKOHE,0,0,13.897,0"
"1054-39406-59400-2-ea786167,16:59:44,16:59:44,2867-794dd3d7,5,PUKEKOHE,0,0,15.985,0"
"1054-39406-59400-2-ea786167,17:00:55,17:00:55,2863-be83ae36,6,PUKEKOHE,0,0,16.622,0"
"1054-39406-59400-2-ea786167,17:03:23,17:03:23,2841-eb4ef8df,7,PUKEKOHE,0,0,17.925,0"
"1054-39406-59400-2-ea786167,17:05:02,17:05:02,2859-e7a28354,8,PUKEKOHE,0,0,18.804,0"
"1054-39406-59400-2-ea786167,17:05:56,17:05:56,2485-1e9e7ace,9,PUKEKOHE,0,0,19.279,0"
"1054-39406-59400-2-ea786167,17:06:38,17:06:38,2849-aea74ede,10,PUKEKOHE,0,0,19.657,0"
"1054-39406-59400-2-ea786167,17:07:14,17:07:14,2843-9525c3b8,11,PUKEKOHE,0,0,19.977,0"
"1054-39406-59400-2-ea786167,17:07:43,17:07:43,2898-4b930cb0,12,PUKEKOHE,0,0,20.233,0"
"1054-39406-59400-2-ea786167,17:08:45,17:08:45,2929-7be58f7d,13,PUKEKOHE,0,0,20.78,0"
"1054-39406-59400-2-ea786167,17:10:00,17:10:00,2850-3422d278,14,PUKEKOHE,1,0,21.443,0"
"1311-93102-44700-2-1662ef12,12:25:00,12:25:00,7145-caabaedd,1,CHATSWOOD,0,0,0,0"
"1311-93102-44700-2-1662ef12,12:27:38,12:27:38,7141-d8af5868,2,CHATSWOOD,0,0,0.632,0"
"1311-93102-44700-2-1662ef12,12:29:42,12:29:42,7016-875f30cb,3,CHATSWOOD,0,0,1.125,0"
"1311-93102-44700-2-1662ef12,12:32:00,12:32:00,7034-7b36cf5b,4,CHATSWOOD,0,0,1.674,0"
"1311-93102-44700-2-1662ef12,12:35:00,12:35:00,7036-f1ffa0be,5,CHATSWOOD,0,0,2.397,0"
"1311-93102-44700-2-1662ef12,12:42:15,12:42:15,4007-a83340d0,6,CHATSWOOD,0,0,6.574,0"
"1311-93102-44700-2-1662ef12,12:42:42,12:42:42,4009-056e9fbd,7,CHATSWOOD,0,0,6.829,0"
"1311-93102-44700-2-1662ef12,12:43:21,12:43:21,4088-48a1f624,8,CHATSWOOD,0,0,7.205,0"
"1311-93102-44700-2-1662ef12,12:43:59,12:43:59,4074-7874377f,9,CHATSWOOD,0,0,7.565,0"
"1311-93102-44700-2-1662ef12,12:44:46,12:44:46,4076-af729862,10,CHATSWOOD,0,0,8.016,0"
"1311-93102-44700-2-1662ef12,12:45:11,12:45:11,4078-48253b25,11,CHATSWOOD,0,0,8.261,0"
"1311-93102-44700-2-1662ef12,12:45:39,12:45:39,4080-a0eeb155,12,CHATSWOOD,0,0,8.534,0"
"1311-93102-44700-2-1662ef12,12:46:13,12:46:13,4082-99e2cd3a,13,CHATSWOOD,0,0,8.858,0"
"1311-93102-44700-2-1662ef12,12:46:34,12:46:34,4084-21e50969,14,CHATSWOOD,0,0,9.066,0"
"1311-93102-44700-2-1662ef12,12:47:00,12:47:00,3901-2273ccaa,15,CHATSWOOD,0,0,9.311,0"
"1311-93102-44700-2-1662ef12,12:48:01,12:48:01,4106-08f45c4d,16,CHATSWOOD,0,0,9.647,0"
"1311-93102-44700-2-1662ef12,12:49:15,12:49:15,4110-651b98e2,17,CHATSWOOD,0,0,10.053,0"
"1311-93102-44700-2-1662ef12,12:49:56,12:49:56,3985-8c60f695,18,CHATSWOOD,0,0,10.283,0"
"1311-93102-44700-2-1662ef12,12:51:15,12:51:15,3987-f4af879f,19,CHATSWOOD,0,0,10.726,0"
"1311-93102-44700-2-1662ef12,12:52:12,12:52:12,3989-fab96594,20,CHATSWOOD,0,0,11.041,0"
"1311-93102-44700-2-1662ef12,12:52:58,12:52:58,3991-1231d203,21,CHATSWOOD,0,0,11.293,0"
"1311-93102-44700-2-1662ef12,12:54:10,12:54:10,4116-240d6537,22,CHATSWOOD,0,0,11.689,0"
"1311-93102-44700-2-1662ef12,12:56:21,12:56:21,4118-5190163a,23,CHATSWOOD,0,0,12.411,0"
"1311-93102-44700-2-1662ef12,12:57:22,12:57:22,4120-04daea58,24,CHATSWOOD,0,0,12.75,0"
"1311-93102-44700-2-1662ef12,12:59:19,12:59:19,3999-9ddaa3f4,25,CHATSWOOD,0,0,13.389,0"
"1311-93102-44700-2-1662ef12,13:00:40,13:00:40,4001-5d2b7426,26,CHATSWOOD,0,0,13.838,0"
"1311-93102-44700-2-1662ef12,13:01:50,13:01:50,4451-0c6e1481,27,CHATSWOOD,0,0,14.222,0"
"1311-93102-44700-2-1662ef12,13:03:00,13:03:00,4449-26a5d475,28,CHATSWOOD,1,0,14.605,0"
"1010-98111-42360-2-8e107e6a,11:46:00,11:46:00,4831-0b8bcab5,1,HC STATION,0,0,0,0"
"1010-98111-42360-2-8e107e6a,11:47:12,11:47:12,4810-431b636a,2,HC STATION,0,0,0.552,0"
"1010-98111-42360-2-8e107e6a,11:47:46,11:47:46,4815-cb652b28,3,HC STATION,0,0,0.816,0"
"1010-98111-42360-2-8e107e6a,11:48:31,11:48:31,4813-4284f866,4,HC STATION,0,0,1.163,0"
"1010-98111-42360-2-8e107e6a,11:49:31,11:49:31,4811-a4f2ee0d,5,HC STATION,0,0,1.626,0"
"1010-98111-42360-2-8e107e6a,11:50:30,11:50:30,4809-4534a012,6,HC STATION,0,0,2.076,0"
"1010-98111-42360-2-8e107e6a,11:52:36,11:52:36,4783-c6f02559,7,HC STATION,0,0,3.047,0"
"1010-98111-42360-2-8e107e6a,11:53:06,11:53:06,4785-4a1e35c9,8,HC STATION,0,0,3.275,0"
"1010-98111-42360-2-8e107e6a,11:54:49,11:54:49,4787-bcb07c06,9,HC STATION,0,0,4.06,0"
"1010-98111-42360-2-8e107e6a,12:01:00,12:01:00,4982-1f78709d,10,HC STATION,1,0,6.651,0"
"1281-02503-57000-2-98893379,15:50:00,15:50:00,7139-e360d6b5,1,CITY CENTRE,0,0,0,0"
"1281-02503-57000-2-98893379,15:50:56,15:50:56,8695-ca2ced32,2,CITY CENTRE,0,0,0.396,0"
"1281-02503-57000-2-98893379,15:51:40,15:51:40,8693-c92bc54c,3,CITY CENTRE,0,0,0.709,0"
"1281-02503-57000-2-98893379,15:52:48,15:52:48,8691-072762e5,4,CITY CENTRE,0,0,1.192,0"
"1281-02503-57000-2-98893379,15:53:44,15:53:44,8689-141d1cf1,5,CITY CENTRE,0,0,1.587,0"
"1281-02503-57000-2-98893379,15:54:39,15:54:39,8687-55bb130e,6,CITY CENTRE,0,0,1.977,0"
"1281-02503-57000-2-98893379,15:55:30,15:55:30,8685-fb41f304,7,CITY CENTRE,0,0,2.344,0"
"1281-02503-57000-2-98893379,15:56:23,15:56:23,8683-81535039,8,CITY CENTRE,0,0,2.72,0"
"1281-02503-57000-2-98893379,15:57:15,15:57:15,8681-73ddb00d,9,CITY CENTRE,0,0,3.091,0"
"1281-02503-57000-2-98893379,15:58:01,15:58:01,8677-4f6bdddf,10,CITY CENTRE,0,0,3.417,0"
"1281-02503-57000-2-98893379,15:58:55,15:58:55,8679-8d7259d2,11,CITY CENTRE,0,0,3.797,0"
"1281-02503-57000-2-98893379,15:59:31,15:59:31,8451-793d4f7f,12,CITY CENTRE,0,0,4.05,0"
"1281-02503-57000-2-98893379,16:00:10,16:00:10,8449-4ef496b0,13,CITY CENTRE,0,0,4.329,0"
"1281-02503-57000-2-98893379,16:00:50,16:00:50,8447-3370032a,14,CITY CENTRE,0,0,4.61,0"
"1281-02503-57000-2-98893379,16:01:21,16:01:21,8445-6b7c2345,15,CITY CENTRE,0,0,4.828,0"
"1281-02503-57000-2-98893379,16:02:28,16:02:28,8443-d3fed835,16,CITY CENTRE,0,0,5.303,0"
"1281-02503-57000-2-98893379,16:03:34,16:03:34,8441-0e2b8acf,17,CITY CENTRE,0,0,5.767,0"
"1281-02503-57000-2-98893379,16:04:00,16:04:00,8439-96597e19,18,CITY CENTRE,0,0,5.955,0"
"1281-02503-57000-2-98893379,16:04:41,16:04:41,8437-017578d1,19,CITY CENTRE,0,0,6.24,0"
"1281-02503-57000-2-98893379,16:05:37,16:05:37,8435-bd99e259,20,CITY CENTRE,0,0,6.637,0"
"1281-02503-57000-2-98893379,16:06:14,16:06:14,8433-045055d5,21,CITY CENTRE,0,0,6.898,0"
"1281-02503-57000-2-98893379,16:06:59,16:07:00,8431-050907ba,22,CITY CENTRE,0,0,7.221,1"
"1281-02503-57000-2-98893379,16:08:13,16:08:13,8429-c521b18d,23,CITY CENTRE,0,0,7.556,0"
"1281-02503-57000-2-98893379,16:09:43,16:09:43,8427-debbae1c,24,CITY CENTRE,0,0,7.966,0"
"1281-02503-57000-2-98893379,16:10:35,16:10:35,8425-15788731,25,CITY CENTRE,0,0,8.207,0"
"1281-02503-57000-2-98893379,16:11:41,16:11:41,8423-97153dae,26,CITY CENTRE,0,0,8.512,0"
"1281-02503-57000-2-98893379,16:12:35,16:12:35,8421-69264ac6,27,CITY CENTRE,0,0,8.757,0"
"1281-02503-57000-2-98893379,16:13:38,16:13:38,8419-5d02c2ad,28,CITY CENTRE,0,0,9.047,0"
"1281-02503-57000-2-98893379,16:14:55,16:14:55,8417-c5f97aa1,29,CITY CENTRE,0,0,9.396,0"
"1281-02503-57000-2-98893379,16:15:37,16:15:37,8415-65545ca0,30,CITY CENTRE,0,0,9.587,0"
"1281-02503-57000-2-98893379,16:16:25,16:16:25,8413-51b2fa12,31,CITY CENTRE,0,0,9.809,0"
"1281-02503-57000-2-98893379,16:17:51,16:17:51,8411-27da8c3d,32,CITY CENTRE,0,0,10.203,0"
"1281-02503-57000-2-98893379,16:19:24,16:19:24,8407-e5857898,33,CITY CENTRE,0,0,10.626,0"
"1281-02503-57000-2-98893379,16:21:06,16:21:06,8405-eba9adde,34,CITY CENTRE,0,0,11.094,0"
"1281-02503-57000-2-98893379,16:22:10,16:22:10,8403-04d67b79,35,CITY CENTRE,0,0,11.388,0"
"1281-02503-57000-2-98893379,16:23:13,16:23:13,8401-9ee0a96b,36,CITY CENTRE,0,0,11.679,0"
"1281-02503-57000-2-98893379,16:24:52,16:24:52,8505-5bfeb2fa,37,CITY CENTRE,0,0,12.137,0"
"1281-02503-57000-2-98893379,16:25:35,16:25:35,8503-d4c66d96,38,CITY CENTRE,0,0,12.332,0"
"1281-02503-57000-2-98893379,16:27:00,16:27:00,8501-bc9f89ab,39,CITY CENTRE,0,0,12.723,0"
"1281-02503-57000-2-98893379,16:28:34,16:28:34,7151-93995941,40,CITY CENTRE,0,0,13.153,0"
"1281-02503-57000-2-98893379,16:30:51,16:30:51,7149-6d6d1e99,41,CITY CENTRE,0,0,13.781,0"
"1281-02503-57000-2-98893379,16:32:35,16:32:35,7147-4e9003b4,42,CITY CENTRE,0,0,14.26,0"
"1281-02503-57000-2-98893379,16:33:22,16:33:22,7089-8ec85023,43,CITY CENTRE,0,0,14.476,0"
"1281-02503-57000-2-98893379,16:35:00,16:35:00,7058-d68c50d8,44,CITY CENTRE,1,0,14.926,0"
"1222-01107-29400-2-518e4b7f,08:10:00,08:10:00,5959-cc4bb279,1,CITY CENTRE,0,0,0,0"
"1222-01107-29400-2-518e4b7f,08:11:27,08:11:27,5990-ad2ea439,2,CITY CENTRE,0,0,0.551,0"
"1222-01107-29400-2-518e4b7f,08:12:46,08:12:46,1592-5cb98cf9,3,CITY CENTRE,0,0,1.046,0"
"1222-01107-29400-2-518e4b7f,08:13:53,08:13:53,5911-d920ce17,4,CITY CENTRE,0,0,1.469,0"
"1222-01107-29400-2-518e4b7f,08:14:57,08:14:57,5563-33d327c0,5,CITY CENTRE,0,0,1.874,0"
"1222-01107-29400-2-518e4b7f,08:16:32,08:16:32,1690-acf68a6f,6,CITY CENTRE,0,0,2.475,0"
"1222-01107-29400-2-518e4b7f,08:17:07,08:17:07,5896-17dc3c4f,7,CITY CENTRE,0,0,2.699,0"
"1222-01107-29400-2-518e4b7f,08:18:27,08:18:27,1688-21c61d4f,8,CITY CENTRE,0,0,3.202,0"
"1222-01107-29400-2-518e4b7f,08:19:23,08:19:23,5589-c8aa68df,9,CITY CENTRE,0,0,3.554,0"
"1222-01107-29400-2-518e4b7f,08:20:11,08:20:11,5608-db79d544,10,CITY CENTRE,0,0,3.859,0"
"1222-01107-29400-2-518e4b7f,08:21:01,08:21:01,5610-d52e6408,11,CITY CENTRE,0,0,4.172,0"
"1222-01107-29400-2-518e4b7f,08:22:05,08:22:05,5612-67f7b758,12,CITY CENTRE,0,0,4.579,0"
"1222-01107-29400-2-518e4b7f,08:22:37,08:22:37,5614-9a73e1cf,13,CITY CENTRE,0,0,4.784,0"
"1222-01107-29400-2-518e4b7f,08:23:35,08:23:35,5609-9fad453c,14,CITY CENTRE,0,0,5.155,0"
"1222-01107-29400-2-518e4b7f,08:24:27,08:24:27,5607-afec1a58,15,CITY CENTRE,0,0,5.486,0"
"1222-01107-29400-2-518e4b7f,08:25:28,08:25:28,5605-de5b0da9,16,CITY CENTRE,0,0,5.869,0"
"1222-01107-29400-2-518e4b7f,08:26:59,08:27:00,5626-990996fa,17,CITY CENTRE,0,0,6.452,1"
"1222-01107-29400-2-518e4b7f,08:30:40,08:30:40,5930-a1619920,18,CITY CENTRE,0,0,7.638,0"
"1222-01107-29400-2-518e4b7f,08:31:48,08:31:48,5901-853b2260,19,CITY CENTRE,0,0,8.002,0"
"1222-01107-29400-2-518e4b7f,08:38:14,08:38:14,5096-07314091,20,CITY CENTRE,0,0,10.079,0"
"1222-01107-29400-2-518e4b7f,08:56:58,08:56:58,8131-3cc7ec8a,21,CITY CENTRE,0,0,16.139,0"
"1222-01107-29400-2-518e4b7f,08:57:33,08:57:33,8129-a5b266e9,22,CITY CENTRE,0,0,16.327,0"
"1222-01107-29400-2-518e4b7f,08:58:33,08:58:33,8127-33d8995c,23,CITY CENTRE,0,0,16.653,0"
"1222-01107-29400-2-518e4b7f,08:59:33,08:59:33,8125-0b23e96e,24,CITY CENTRE,0,0,16.981,0"
"1222-01107-29400-2-518e4b7f,09:01:01,09:01:01,8123-af1d2f39,25,CITY CENTRE,0,0,17.456,0"
"1222-01107-29400-2-518e4b7f,09:02:07,09:02:07,8121-2a2cd206,26,CITY CENTRE,0,0,17.814,0"
"1222-01107-29400-2-518e4b7f,09:03:02,09:03:02,8119-e41c6252,27,CITY CENTRE,0,0,18.106,0"
"1222-01107-29400-2-518e4b7f,09:04:27,09:04:27,8117-0671251b,28,CITY CENTRE,0,0,18.566,0"
"1222-01107-29400-2-518e4b7f,09:05:39,09:05:39,8115-d510785e,29,CITY CENTRE,0,0,18.954,0"
"1222-01107-29400-2-518e4b7f,09:06:13,09:06:13,8113-669001e8,30,CITY CENTRE,0,0,19.139,0"
"1222-01107-29400-2-518e4b7f,09:06:54,09:06:54,8111-90faa379,31,CITY CENTRE,0,0,19.358,0"
"1222-01107-29400-2-518e4b7f,09:08:33,09:08:33,8107-c8de6594,32,CITY CENTRE,0,0,19.889,0"
"1222-01107-29400-2-518e4b7f,09:09:30,09:09:30,8105-5b355394,33,CITY CENTRE,0,0,20.202,0"
"1222-01107-29400-2-518e4b7f,09:10:15,09:10:15,8103-aa6d2901,34,CITY CENTRE,0,0,20.445,0"
"1222-01107-29400-2-518e4b7f,09:10:53,09:10:53,8101-29d73840,35,CITY CENTRE,0,0,20.648,0"
"1222-01107-29400-2-518e4b7f,09:12:22,09:12:22,7135-b1ba3584,36,CITY CENTRE,0,0,21.134,0"
"1222-01107-29400-2-518e4b7f,09:13:21,09:13:21,7133-173774ea,37,CITY CENTRE,0,0,21.451,0"
"1222-01107-29400-2-518e4b7f,09:14:34,09:14:34,7061-10099e39,38,CITY CENTRE,0,0,21.84,0"
"1222-01107-29400-2-518e4b7f,09:15:33,09:15:33,7059-607e2a63,39,CITY CENTRE,0,0,22.16,0"
"1222-01107-29400-2-518e4b7f,09:16:52,09:16:52,7053-154c6c71,40,CITY CENTRE,0,0,22.587,0"
"1222-01107-29400-2-518e4b7f,09:18:00,09:18:00,7049-24767414,41,CITY CENTRE,1,0,22.951,0"
"1181-35103-32100-2-b7bf33fb,08:55:00,08:55:00,6231-190b2aaa,1,HIGHBROOK,0,0,0,0"
"1181-35103-32100-2-b7bf33fb,08:56:11,08:56:11,6294-ccdb6518,2,HIGHBROOK,0,0,0.504,0"
"1181-35103-32100-2-b7bf33fb,08:57:04,08:57:04,6296-473fe125,3,HIGHBROOK,0,0,0.886,0"
"1181-35103-32100-2-b7bf33fb,08:58:27,08:58:27,6137-efe1e5a5,4,HIGHBROOK,0,0,1.479,0"
"1181-35103-32100-2-b7bf33fb,09:00:22,09:00:22,2021-bd5d7cb9,5,OTAHUHU,0,0,2.299,0"
"1181-35103-32100-2-b7bf33fb,09:01:40,09:01:40,2023-cdad6345,6,OTAHUHU,0,0,2.85,0"
"1181-35103-32100-2-b7bf33fb,09:02:57,09:02:57,2025-d0f7bbed,7,OTAHUHU,0,0,3.402,0"
"1181-35103-32100-2-b7bf33fb,09:03:44,09:03:44,2349-122ee6b1,8,OTAHUHU,0,0,3.735,0"
"1181-35103-32100-2-b7bf33fb,09:05:07,09:05:07,2092-a123ae7d,9,OTAHUHU,0,0,4.332,0"
"1181-35103-32100-2-b7bf33fb,09:06:00,09:06:00,2090-628f6180,10,OTAHUHU,0,0,4.71,0"
"1181-35103-32100-2-b7bf33fb,09:06:56,09:06:56,2071-8c831e6b,11,OTAHUHU,0,0,5.107,0"
"1181-35103-32100-2-b7bf33fb,09:08:30,09:08:30,2086-ebd84fbd,12,OTAHUHU,0,0,5.78,0"
"1181-35103-32100-2-b7bf33fb,09:09:41,09:09:41,2084-5a19fd6e,13,OTAHUHU,0,0,6.282,0"
"1181-35103-32100-2-b7bf33fb,09:17:07,09:17:07,6403-505b8632,14,OTAHUHU,0,0,9.457,0"
"1181-35103-32100-2-b7bf33fb,09:18:05,09:18:05,6401-9b98ec88,15,OTAHUHU,0,0,9.876,0"
"1181-35103-32100-2-b7bf33fb,09:20:04,09:20:04,6569-cf5bed8d,16,OTAHUHU,0,0,10.721,0"
"1181-35103-32100-2-b7bf33fb,09:21:27,09:21:27,7649-7f88ce37,17,OTAHUHU,0,0,11.309,0"
"1181-35103-32100-2-b7bf33fb,09:22:10,09:22:10,6565-880d14bd,18,OTAHUHU,0,0,11.619,0"
"1181-35103-32100-2-b7bf33fb,09:23:21,09:23:21,1355-72782936,19,OTAHUHU,0,0,12.127,0"
"1181-35103-32100-2-b7bf33fb,09:24:00,09:24:00,7025-f2894a7d,20,OTAHUHU,0,0,12.399,0"
"1181-35103-32100-2-b7bf33fb,09:26:00,09:26:00,1771-118407aa,21,OTAHUHU,1,0,13.255,0"
